Variant	rsID	class	Annotation	GRAN	LYMPH	MONO	PLT	RBC
chr19:18430381	rs113377929	accessible	tune	0	0	1	0	1
chr6:135419688	rs9402685	accessible	tune	0	0	1	0	1
chr12:6502131	rs2364482	accessible	tune	0	0	1	1	0
chr3:12267780	rs7650082	accessible	tune	0	0	1	1	0
chr2:227291415	rs11686139	accessible	tune	0	1	1	0	0
chr3:196501413	rs2089979	accessible	tune	0	1	1	0	0
chr9:21986847	rs3731211	accessible	tune	0	1	1	1	0
chr7:92408455	rs144023540	accessible	tune	1	0	0	0	0
chr16:88559762	rs118090537	accessible	tune	1	0	0	1	0
chr1:150584103	rs4970966	accessible	tune	1	0	1	0	0
chr14:25449226	rs8017228	accessible	tune	1	0	1	0	0
chr19:33751852	rs12151289	accessible	tune	1	0	1	0	0
chr7:92408370	rs445	accessible	tune	1	0	1	0	0
chr16:86016328	rs11642657	accessible	tune	1	0	1	0	0
chr18:60920854	rs17758695	accessible	tune	1	0	1	0	1
chr12:40545410	rs17458836	accessible	tune	1	1	0	0	0
chr17:18015061	rs2955363	accessible	tune	1	1	0	0	0
chr17:18015113	rs2925141	accessible	tune	1	1	0	0	0
chr6:119361003	rs80349495	accessible	tune	1	1	0	0	0
chr9:27489204	rs895020	accessible	tune	1	1	0	0	0
chr16:84582965	rs247826	accessible	tune	1	1	0	0	0
chr12:112007756	rs653178	accessible	tune	1	1	1	0	1
chr19:45411941	rs429358	coding	tune	0	0	1	1	0
chr17:16852187	rs34557412	coding	tune	0	1	1	0	0
chr9:135864513	rs150813342	coding	tune	1	0	0	1	0
chr1:159175354	rs12075	coding	tune	1	0	1	0	0
chr11:118081270	rs143034248	coding	tune	1	0	1	0	0
chr11:128328913	rs8705	coding	tune	1	0	1	0	0
chr19:55451083	rs1654636	coding	tune	1	0	1	0	0
chr3:42906116	rs2228467	coding	tune	1	0	1	0	0
chr10:124249119	rs113993968	coding	tune	1	1	0	0	0
chr15:50784990	rs146125856	coding	tune	1	1	0	0	0
chr19:55014018	rs2287829	coding	tune	1	1	0	0	0
chr2:129025468	rs4662597	coding	tune	1	1	0	0	0
chr22:37469591	rs4820268	coding	tune	1	1	0	0	0
chr6:17602870	rs200868187	coding	tune	1	1	0	0	0
chr19:51728477	rs12459419	coding	tune	1	1	0	1	0
chr2:27730940	rs1260326	coding	tune	1	1	0	1	0
chr2:220286254	rs121913003	coding	tune	1	1	1	1	0
chr12:111884608	rs3184504	coding	tune	1	1	1	1	1
chr12:4332009	rs10849020	intergenic	tune	0	0	1	0	1
chr19:45413234	NA	intergenic	tune	0	0	1	1	0
chr19:45751157	rs12459847	intergenic	tune	0	0	1	1	0
chr9:22142756	rs12376511	intergenic	tune	0	0	1	1	0
chr9:22143570	rs10757287	intergenic	tune	0	0	1	1	0
chr20:1930798	rs4630833	intergenic	tune	0	1	0	1	0
chr20:1930873	rs4355178	intergenic	tune	0	1	0	1	0
chr20:1930885	rs4618126	intergenic	tune	0	1	0	1	0
chr20:1930897	rs4411786	intergenic	tune	0	1	0	1	0
chr20:1931001	rs6045612	intergenic	tune	0	1	0	1	0
chr9:22142907	rs10811664	intergenic	tune	0	1	0	1	0
chr9:91392686	NA	intergenic	tune	0	1	0	1	0
chr6:29814513	rs13216671	intergenic	tune	0	1	1	0	0
chr9:22151139	rs6475611	intergenic	tune	0	1	1	0	0
chr12:6502832	rs10466905	intergenic	tune	0	1	1	1	0
chr12:6503500	rs12296430	intergenic	tune	0	1	1	1	0
chr19:45742094	rs11673093	intergenic	tune	1	0	0	0	0
chr19:55184549	rs73933960	intergenic	tune	1	0	0	0	0
chr4:77349465	rs74936215	intergenic	tune	1	0	0	0	0
chr15:62081897	rs76279900	intergenic	tune	1	0	1	0	0
chr9:33730117	rs117500816	intergenic	tune	1	0	1	0	0
chr15:62050458	rs77366442	intergenic	tune	1	1	0	0	0
chr2:169152662	rs183330448	intergenic	tune	1	1	0	0	0
chr2:204693871	rs558858909	intergenic	tune	1	1	0	0	0
chr2:204711041	rs528295983	intergenic	tune	1	1	0	0	0
chr4:15742123	rs111433850	intergenic	tune	1	1	0	0	0
chr4:15743240	rs76364661	intergenic	tune	1	1	0	0	0
chr4:90545039	rs11728943	intergenic	tune	1	1	0	0	0
chr4:90545492	rs75754323	intergenic	tune	1	1	0	0	0
chr4:90555372	rs113159419	intergenic	tune	1	1	0	0	0
chr6:108587496	rs187722434	intergenic	tune	1	1	0	0	0
chr6:117336709	rs79518912	intergenic	tune	1	1	0	0	0
chr6:117365394	rs61259499	intergenic	tune	1	1	0	0	0
chr7:52032351	rs62465983	intergenic	tune	1	1	0	0	0
chr8:7741101	rs188581397	intergenic	tune	1	1	0	0	0
chr9:27714733	rs1036331404	intergenic	tune	1	1	0	0	0
chr13:98169258	rs9556731	intergenic	tune	1	1	0	0	0
chr16:84581684	rs247833	intergenic	tune	1	1	0	0	0
chr16:84581822	rs112428969	intergenic	tune	1	1	0	0	0
chr16:84581893	rs247831	intergenic	tune	1	1	0	0	0
chr4:90545298	rs11723723	intergenic	tune	1	1	1	0	0
chr14:74042978	rs61987142	intergenic	tune	1	1	1	1	0
chr19:18428632	rs76580597	intron	tune	0	0	1	0	1
chr9:21981630	rs184710775	intron	tune	0	1	0	1	0
chr12:6447522	rs4149577	intron	tune	0	1	1	0	0
chr3:196516288	rs13092376	intron	tune	0	1	1	0	0
chr3:196518623	rs9829114	intron	tune	0	1	1	0	0
chr6:7139816	rs532374	intron	tune	0	1	1	0	0
chr12:111932800	rs7137828	intron	tune	0	1	1	0	1
chr9:21990457	rs7036656	intron	tune	0	1	1	1	0
chr11:83273804	NA	intron	tune	1	0	0	0	0
chr11:83275030	NA	intron	tune	1	0	0	0	0
chr11:83280942	rs114796528	intron	tune	1	0	0	0	0
chr22:37470041	rs2076085	intron	tune	1	0	0	0	0
chr22:37470224	rs2413450	intron	tune	1	0	0	0	0
chr7:92385350	rs74807138	intron	tune	1	0	0	0	0
chr17:43853922	rs1053297033	intron	tune	1	0	0	1	0
chr19:51735023	rs140593578	intron	tune	1	0	0	1	0
chr19:51736383	rs33978622	intron	tune	1	0	0	1	0
chr5:1285974	rs7705526	intron	tune	1	0	0	1	1
chr1:150595537	rs11204682	intron	tune	1	0	1	0	0
chr14:25438250	rs7141943	intron	tune	1	0	1	0	0
chr14:25459482	rs2332462	intron	tune	1	0	1	0	0
chr14:25461989	rs2038700	intron	tune	1	0	1	0	0
chr9:33962203	rs10971825	intron	tune	1	0	1	0	0
chr13:28604007	rs76428106	intron	tune	1	0	1	0	0
chr12:111865049	rs7310615	intron	tune	1	0	1	0	1
chr1:205715256	rs147900835	intron	tune	1	1	0	0	0
chr12:39136346	rs141673668	intron	tune	1	1	0	0	0
chr12:40754308	rs11564146	intron	tune	1	1	0	0	0
chr12:41597408	rs77179714	intron	tune	1	1	0	0	0
chr14:55894478	rs12433364	intron	tune	1	1	0	0	0
chr2:136115432	rs7577175	intron	tune	1	1	0	0	0
chr2:236906486	rs375418964	intron	tune	1	1	0	0	0
chr2:236913385	rs374801723	intron	tune	1	1	0	0	0
chr2:236923547	rs372787103	intron	tune	1	1	0	0	0
chr22:37469192	rs6000553	intron	tune	1	1	0	0	0
chr3:29346461	rs116212717	intron	tune	1	1	0	0	0
chr3:29785085	rs116243895	intron	tune	1	1	0	0	0
chr4:15582642	rs191050570	intron	tune	1	1	0	0	0
chr5:102477915	rs32843	intron	tune	1	1	0	0	0
chr5:102516583	NA	intron	tune	1	1	0	0	0
chr5:102516599	NA	intron	tune	1	1	0	0	0
chr7:50814101	rs73113843	intron	tune	1	1	0	0	0
chr9:27490613	rs2484317	intron	tune	1	1	0	0	0
chr10:25200805	NA	intron	tune	1	1	1	0	0
chr10:25211291	rs12266014	intron	tune	1	1	1	0	0
chr12:41163938	rs117518701	intron	tune	1	1	1	0	0
chr17:63838685	rs75257441	intron	tune	1	1	1	0	0
chr2:135839805	rs6728452	intron	tune	1	1	1	0	0
chr2:136264631	rs16831751	intron	tune	1	1	1	0	0
chr3:160779029	rs79105080	intron	tune	1	1	1	0	0
chr3:160783902	rs76762303	intron	tune	1	1	1	0	0
chr7:72153643	rs35277900	intron	tune	1	1	1	0	0
chr16:52627454	rs143477628	intron	tune	1	1	1	0	0
chr16:52635209	rs61356289	intron	tune	1	1	1	0	0
chr12:111973358	rs597808	intron	tune	1	1	1	0	1
chr1:25653526	NA	intron	tune	1	1	1	1	0
chr17:43756506	rs757502	intron	tune	1	1	1	1	0
chr5:88180196	rs114694170	promoter	tune	0	0	0	1	1
chr12:751609	rs2369391	promoter	tune	0	1	1	0	0
chr12:751619	rs7487827	promoter	tune	0	1	1	0	0
chr12:6445329	rs2284344	promoter	tune	0	1	1	0	0
chr12:740009	rs34038797	promoter	tune	0	1	1	1	0
chr17:7742601	rs74480102	promoter	tune	1	0	0	0	0
chr7:28724374	rs56388170	promoter	tune	1	0	0	0	0
chr9:136149709	NA	promoter	tune	1	0	0	0	1
chr6:33546837	rs210142	promoter	tune	1	0	0	1	0
chr6:33546930	rs210143	promoter	tune	1	0	0	1	0
chr14:23589349	rs2239630	promoter	tune	1	0	1	0	0
chr4:76912247	rs116450149	promoter	tune	1	0	1	0	0
chr1:205718634	rs370218853	promoter	tune	1	1	0	0	0
chr4:90816799	rs80126664	promoter	tune	1	1	0	0	0
chr19:51727962	rs3865444	promoter	tune	1	1	0	1	0
chr19:55103797	rs112953564	promoter	tune	1	1	1	0	0
chr8:145912275	rs62529935	promoter	tune	1	1	1	1	0
chr19:33754548	rs78744187	accessible	switch	1	0	0	0	1
chr4:55408999	rs218265	accessible	switch	1	0	0	0	1
chr1:236103965	rs10927074	accessible	switch	1	0	1	0	0
chr8:130604272	rs562240450	accessible	switch	1	0	1	0	0
chr6:135418635	rs7775698	accessible	switch	1	0	1	1	1
chr17:38764524	rs112401631	accessible	switch	1	1	0	0	0
chr19:45716192	rs11667509	coding	switch	0	0	0	1	1
chr1:205744138	rs708725	coding	switch	1	1	0	0	0
chr10:64556238	NA	intergenic	switch	1	0	0	1	0
chr6:135406183	rs956102282	intergenic	switch	1	0	0	1	0
chr14:74043168	rs61987143	intergenic	switch	1	1	0	0	0
chr22:37470604	rs2072860	intron	switch	1	1	0	0	0
chr9:33895439	rs10971769	intron	switch	1	1	0	0	0
chr17:44150163	rs796724601	intron	switch	1	1	1	0	0
chr9:33882692	rs62555928	intron	switch	1	1	1	0	0
chr6:82463376	rs915125	promoter	switch	1	0	1	0	0
